,label,Count
256,coronavirus_coronavirus_case,1048
828,reports_case_coronavirus_death,60
192,confirms_case_coronavirus,46
827,reports_case_coronavirus,36
325,coronavirus_market,34
776,race_vaccine_coronavirus,33
346,coronavirus_pinch_holiday,29
321,coronavirus_lockdown,28
387,coronavirus_transmission_glance,26
103,canceled_fear_coronavirus_concern,25
167,closes_school_coronavirus,25
1182,urges_people_coronavirus_scare,23
196,confirms_case_coronavirus_governor,23
266,coronavirus_coronavirus_update_look,23
362,coronavirus_restriction_lockdown,22
1069,test_immunity_coronavirus_antibody,20
363,coronavirus_restriction_patient,20
293,coronavirus_event_sport,19
479,dies_victim_coronavirus_doctor,19
1070,test_people_coronavirus,19
257,coronavirus_coronavirus_cure,19
656,looms_disinformation_coronavirus_misinformation,19
430,declares_emergency_coronavirus,19
1116,tests_test_coronavirus,18
338,coronavirus_nightmare_prayer,18
232,coronavirus_briefing_lockdown,18
258,coronavirus_coronavirus_disinfectant,17
557,got_case_coronavirus_jail,17
1054,system_result_coronavirus_state,17
1031,surges_case_coronavirus,17
394,coronavirus_ward_hospital,17
283,coronavirus_economy,17
850,researchers_coronavirus_drug,17
261,coronavirus_coronavirus_player,17
920,says_risk_coronavirus_airline,17
125,cases_case_coronavirus,16
836,reports_death_coronavirus,16
782,reaches_112_coronavirus_death,16
876,rises_coronavirus_death,16
384,coronavirus_thing_home_care,15
279,coronavirus_development_nrl,15
223,coronavirus_adeboye_news,15
540,find_test_coronavirus_testing,15
499,enforce_measure_coronavirus_government,15
604,impose_lockdown_coronavirus,15
148,changing_disruption_coronavirus_business,15
519,extends_lockdown_coronavirus,15
709,passes_bill_coronavirus_relief,15
830,reports_case_coronavirus_hour,15
181,confirmed_case_coronavirus,14
799,recovered_recovery_coronavirus_case,14
916,says_research_coronavirus_hacker,14
835,reports_coronavirus_region,14
329,coronavirus_message_people,14
738,postponed_anniversary_coronavirus_fear,14
395,coronavirus_weekend_panic,14
229,coronavirus_authoritarianism_opinion,13
921,says_test_coronavirus,13
262,coronavirus_coronavirus_quarantine,13
572,help_recovery_coronavirus_firm,13
844,reports_loss_case_coronavirus,13
434,declares_emergency_health,13
1066,terrifies_coronavirus_awareness,13
184,confirmed_coronavirus_case,13
991,spread_positive_coronavirus_protest,13
927,says_website_coronavirus_self,13
152,claims_hunch_coronavirus_expert,13
161,closes_border_coronavirus,13
351,coronavirus_positive_ship_cruise,13
210,confirms_death_coronavirus,13
728,plunge_sell_market_coronavirus,12
271,coronavirus_dad_librarian,12
1094,tests_negative_coronavirus_doctor,12
160,closed_facility_coronavirus_tourist,12
253,coronavirus_closure_school,12
989,spread_coronavirus_dog_cat,12
686,number_coronavirus,12
127,cases_case_coronavirus_morning,12
389,coronavirus_update_case,12
1142,treated_limit_coronavirus_patient,12
832,reports_case_coronavirus_state,12
286,coronavirus_emergency_health,12
641,leads_price_coronavirus_pandemic,12
441,denies_case_coronavirus_death,12
45,approves_test_coronavirus,12
1189,voted_hotspot_coronavirus_case,12
787,reaches_official_death_coronavirus,12
1200,warned_misinformation_coronavirus_report,12
555,goes_disinformation_coronavirus_search,12
623,kits_test_coronavirus,12
1107,tests_positive_coronavirus_symptom,11
318,coronavirus_life_outbreak,11
525,faces_threat_coronavirus_shortage,11
250,coronavirus_chains_effect,11
41,appeal_coronavirus_pm,11
485,distancing_spread_coronavirus,11
509,expands_change_airport_coronavirus,11
1206,warns_messaging_coronavirus_death,11
228,coronavirus_appearance_official,11
919,says_return_coronavirus_job,11
1111,tests_positive_owner_knick,11
707,"pass_20,000_coronavirus_death",11
952,seriously_outbreak_coronavirus_map,11
327,coronavirus_mass_church,11
359,coronavirus_report_apocalypse,11
1133,timing_growth_coronavirus_stock,11
1146,trickling_job_coronavirus_state,11
85,buddy_positive_dog_coronavirus,11
453,diagnosed_coronavirus_student,11
416,deal_deal_coronavirus_package,11
386,coronavirus_transfusions_plasma,11
1225,worried_shot_coronavirus_flu,10
976,speak_negros_coronavirus_racism,10
838,reports_death_coronavirus_doctor,10
634,launches_alert_coronavirus_search,10
715,pence_member_coronavirus_fight,10
608,india_outbreak_coronavirus_cardboard,10
711,passes_trial_vaccine_coronavirus,10
743,postponed_match_coronavirus_force,10
630,latest_coronavirus_spread,10
1007,stocks_check_coronavirus_stock,10
879,rises_life_coronavirus_death,10
628,latest_cases_death_case,10
860,rise_candle_coronavirus_case,10
247,coronavirus_case_scientist,10
1185,vaccine_vaccine_coronavirus,10
397,coronavirus_world,10
221,"coronavirus_6,000_case",10
664,mandalay_rule_coronavirus_travel,10
97,came_infections_coronavirus_case,10
281,coronavirus_discharge_patient,10
393,coronavirus_ventilator,10
285,coronavirus_elite_epicentre,10
288,coronavirus_employment_pandemic,10
37,answered_question_coronavirus,10
356,coronavirus_rally_scare,10
1101,tests_positive_coronavirus_exposure,10
251,coronavirus_child,10
477,dies_rate_coronavirus_worker,10
1126,think_misinformation_coronavirus_beer,10
225,coronavirus_advisory_outbreak,9
162,closes_border_coronavirus_rail,9
158,close_business_coronavirus_school,9
349,coronavirus_population_pandemic,9
183,confirmed_coronavirus_60,9
902,says_coronavirus_patient,9
368,coronavirus_season_cruise_passenger,9
744,postponed_tour_coronavirus_concern,9
801,recovers_coronavirus_patient,9
340,coronavirus_outbreak_sign,9
893,says_case_coronavirus_official,9
172,colouring_campaign_coronavirus_handling,9
889,says_6mln_coronavirus_people,9
175,communities_measures_coronavirus_death,9
1018,suburbs_coronavirus_cluster,9
1046,suspends_flight_coronavirus_disease,9
339,coronavirus_orphanage_prevention,9
209,confirms_coronavirus_daughter,9
515,extend_measure_coronavirus_case,9
326,coronavirus_mask_pandemic,9
854,resume_flight_coronavirus_airline,9
274,coronavirus_deadline_subway,9
431,declares_emergency_coronavirus_health,9
566,halts_warranty_coronavirus_day,9
568,handles_shopper_coronavirus_staff,9
646,life_lockdown_coronavirus,9
847,reports_spike_case_coronavirus,9
291,coronavirus_epidemic_case,9
38,anxiety_symptom_coronavirus,9
28,announces_death_case_coronavirus,9
310,coronavirus_help_update_evening,9
627,know_world_coronavirus_virus,9
587,hospital_coronavirus_field,9
304,coronavirus_growth_economy_outbreak,9
419,death_help_coronavirus_returnee,9
8,admitted_symptom_coronavirus_hospital,9
5,adds_symptom_coronavirus,9
469,dies_covid_person_coronavirus,9
560,grow_coronavirus_scientist_lab,9
867,rise_stimulus_coronavirus_case,9
1104,tests_positive_coronavirus_officer,9
710,passes_package_coronavirus_stimulus,9
872,rises_37_coronavirus_death,9
1080,tested_waivers_coronavirus_student,9
911,says_national_coronavirus_quarantine,9
110,cancels_flight_coronavirus_outbreak,9
264,coronavirus_coronavirus_risk,9
763,protect_mask_coronavirus_face,8
335,coronavirus_movie,8
980,spend_fund_coronavirus_response,8
213,confirms_human_coronavirus_transmission,8
791,ready_stimulus_coronavirus_temper,8
337,coronavirus_news_wrap,8
790,ready_breakthrough_coronavirus_vaccine,8
908,says_infection_coronavirus_cure,8
601,ignored_coronavirus_time,8
269,coronavirus_crisis_celebrity,8
978,speaks_crisis_coronavirus_bra,8
934,seek_hand_coronavirus_govts,8
938,seeks_sanction_coronavirus_case,8
964,signs_bill_coronavirus_spending,8
317,coronavirus_kit_self,8
246,coronavirus_case_region,8
1002,stay_way_coronavirus_message,8
218,"coronavirus_100,000_pandemic",8
950,sends_jitters_coronavirus_hospital,8
478,dies_response_coronavirus_father,8
446,detected_point_coronavirus_patient,8
965,signs_package_coronavirus_emergency,8
833,reports_case_coronavirus_tally,8
721,photos_people_coronavirus_lung,8
745,postponed_trial_coronavirus_threat,8
385,coronavirus_thrombus_case,8
1143,trend_drop_coronavirus_case,8
1140,transmit_coronavirus_risk,8
81,breakthrough_death_coronavirus_steroid,8
86,builds_awareness_coronavirus,8
684,newsletter_hospitalizations_coronavirus_outbreak,8
1130,timeline_outbreak_coronavirus,8
1129,tightens_rule_coronavirus_crisis,8
94,calls_klopp_coronavirus_chief,8
1149,trump_lab_coronavirus_report,8
693,opens_coronavirus_day,8
100,canceled_coronavirus_twitchcon,8
107,cancels_convention_coronavirus_spike,8
704,panic_verdict_coronavirus_outbreak,8
825,reported_news_coronavirus_case,8
823,reported_case_coronavirus,8
114,cancels_sxsw_coronavirus_fear,8
550,gather_stay_coronavirus_hundred,8
1150,trust_testing_coronavirus_evidence,8
117,case_bullet_coronavirus_day,8
32,announces_million_coronavirus_stock,8
606,increased_test_coronavirus_testing,8
613,invest_portfolio_coronavirus_investing,8
621,kept_coronavirus_isolation,8
18,allowed_lockdown_coronavirus_week,8
1213,ways_coronavirus_doctor,8
1212,watch_update_governor_coronavirus,8
637,launches_service_coronavirus_government,8
405,create_shortage_fear_coronavirus,8
1151,tumble_demand_stock_coronavirus,8
39,apologizes_check_coronavirus_cash,8
40,apologizes_coronavirus_doctor_question,8
1172,updates_coverage_coronavirus_pandemic,8
1171,updates_beaches_coronavirus_pandemic,8
573,help_spread_coronavirus_lung,8
569,heightened_awareness_scam_coronavirus,8
57,awaits_inhabitants_coronavirus_government,8
115,cancels_tour_coronavirus_birthday,8
454,"died_40,000_coronavirus_case",8
118,case_case_coronavirus,8
1064,tells_china_coronavirus_outbreak,8
816,report_app_coronavirus,8
494,east_republic_coronavirus_story,8
194,confirms_case_coronavirus_death,8
1023,suggests_infection_coronavirus_case,8
1027,surge_rate_coronavirus_case,8
888,"says_51,000_death_coronavirus",8
180,confirmed_amvca_case_isolation,8
1035,"surpassed_2,000_coronavirus_death",8
1039,suspend_cruise_coronavirus_month,8
729,plunge_toll_coronavirus_export,8
369,coronavirus_self_victim,8
722,pizzeria_customer_coronavirus_dining,8
923,says_testing_coronavirus_test,8
1060,talk_time_child_coronavirus,8
365,coronavirus_run_pace,8
147,celebrities_coronavirus_celebrity,8
120,case_case_coronavirus_health,8
134,cases_coronavirus_ph,8
136,cases_record_case_death,8
1087,tests_coronavirus_test,8
1100,tests_positive_coronavirus_breaking,8
428,declares_curfew_coronavirus_lockdown,8
869,"rises_1,769_coronavirus_death",8
522,facebook_misinformation_coronavirus_virus,8
142,cause_pressure_coronavirus_blood,8
119,case_case_coronavirus_1st,8
1082,testing_kit_coronavirus_detection,8
837,reports_death_coronavirus_case,7
357,coronavirus_recession_economy,7
903,says_counterattack_coronavirus_trump,7
407,creates_spread_pandemic_coronavirus,7
312,coronavirus_hotel_quarantine,7
840,reports_death_coronavirus_person,7
807,regulator_coronavirus_fishery,7
344,coronavirus_passenger_mask,7
360,coronavirus_response_thing,7
421,deaths_death_coronavirus,7
399,coronavirus_wuhan_death,7
422,deaths_death_coronavirus_week,7
846,reports_rise_coronavirus_death,7
336,coronavirus_name_victim,7
805,refuses_offer_coronavirus_conspiracy,7
856,returns_boost_company_coronavirus,7
917,says_response_whos_curve,7
883,robots_coronavirus_robot,7
852,responds_fear_coronavirus_concern,7
331,coronavirus_migrant_immigrant_ice,7
795,records_death_coronavirus_patient,7
882,risks_vaccine_coronavirus,7
328,coronavirus_measure_death,7
447,developed_vaccine_coronavirus_scientist,7
432,declares_emergency_coronavirus_pandemic,7
388,coronavirus_uk_travel_ban,7
861,rise_case_coronavirus,7
300,coronavirus_gap_man,7
303,coronavirus_grip_count,7
166,closes_school_capital_coronavirus,7
126,cases_case_coronavirus_ministry,7
714,peak_china_coronavirus_day,7
1067,test_coffin_coronavirus_inmate,7
518,extends_flight_coronavirus_country,7
156,cleared_death_coronavirus_news,7
725,play_role_woman_parent,7
1050,symptoms_coronavirus_expert,7
508,expand_facilities_coronavirus_quarantine,7
106,cancelled_day_coronavirus_fear,7
1044,suspends_eviction_coronavirus_city,7
174,committee_spread_coronavirus_govt,7
185,confirmed_coronavirus_death,7
734,podcast_podcast_time_houseparty,7
1025,suppress_content_g_coronavirus,7
1014,struggling_detail_coronavirus_misinformation,7
204,confirms_case_coronavirus_police,7
1105,tests_positive_coronavirus_opera,7
694,opens_patient_coronavirus_hospital,7
756,prevent_coronavirus_government,7
651,live_coronavirus_outbreak,7
607,increases_inventory_coronavirus_supply,7
14,aged_coronavirus_woman,7
1210,watch_hall_coronavirus_town,7
25,announced_death_coronavirus,7
1201,warns_australians_coronavirus_lockdown,7
42,"approach_30,000_coronavirus_case",7
578,hits_home_nursing_coronavirus,7
655,look_office_coronavirus_pandemic,7
95,calls_staff_coronavirus_panic,7
63,bans_outbreak_coronavirus_people,7
671,mission_bill_coronavirus_trump,7
1145,trials_coronavirus_chloroquine,7
1134,tips_coronavirus_mind,7
678,needs_bed_coronavirus_hospital,7
1132,timeline_update_coronavirus_crisis,7
544,flee_hospital_coronavirus,7
206,confirms_case_coronavirus_school,7
505,exceed_million_coronavirus_case,7
789,reading_story_coronavirus_family,7
268,coronavirus_covid_food,7
263,coronavirus_coronavirus_remdesivir_emergency,7
979,speaks_official_coronavirus_ministry,7
242,coronavirus_case_emergency,7
240,coronavirus_care_immigrant,7
294,coronavirus_exercise_case_week,7
296,coronavirus_facility_quarantine,7
985,spread_case_person_coronavirus,7
986,spread_coronavirus_air,7
987,spread_coronavirus_bathroom,7
231,coronavirus_birth_woman,7
290,coronavirus_english_announce,7
993,spreads_fear_coronavirus_contagion,7
995,stallone_production_coronavirus_pandemic,7
222,coronavirus_7_parent,7
458,dies_coronavirus,7
468,dies_country_coronavirus,7
786,reaches_deal_coronavirus_bill,7
220,coronavirus_300_face,7
467,dies_coronavirus_wrestler,7
1005,stock_rally_coronavirus_%,7
466,dies_coronavirus_woman,7
645,letting_blood_coronavirus_politician,6
794,records_case_coronavirus_province,6
461,dies_coronavirus_news,6
829,reports_case_coronavirus_hospital,6
565,halts_expansion_coronavirus_wave,6
754,preparing_cut_coronavirus_game,6
642,learn_limit_coronavirus_crisis,6
576,helps_cold_coronavirus_allergy,6
644,lessons_gravity_coronavirus_outbreak,6
793,records_case_coronavirus_13th,6
551,gets_boost_coronavirus_fear,6
792,records_case_coronavirus,6
585,holds_meeting_coronavirus_mathura,6
622,kills_victim_coronavirus_staffer,6
617,joined_battle_coronavirus_force,6
594,hospitalized_president_wife,6
457,dies_ambassador_leader_aide,6
597,human_person_coronavirus,6
552,gets_drug_coronavirus_world,6
701,paintings_awareness_coronavirus_theme,6
785,reaches_case_coronavirus_toll,6
511,explainer_coronavirus_guide,6
814,removes_coronavirus_misinformation,6
758,production_production_coronavirus_concern,6
496,emerges_coronavirus_science,6
821,report_scare_year_virus,6
737,positive_doctor_woman_coronavirus,6
502,evacuate_australians_coronavirus_scam,6
504,exceed_authority_coronavirus_case,6
452,diagnosed_coronavirus_flight,6
759,progress_coronavirus_vaccine,6
764,protects_coronavirus_football,6
513,expo_paddlefest_pandemic_fear,6
464,dies_coronavirus_pizza,6
717,people_couple_coronavirus_family,6
766,protocol_plan_instruction_disease,6
527,fails_vote_coronavirus_stimulus,6
773,questions_action_coronavirus_symptom,6
531,faults_datum_coronavirus_spread,6
472,dies_family_tripura_coronavirus,6
534,feds_price_coronavirus_trader,6
746,postpones_coronavirus_year_government,6
470,dies_death_coronavirus_infant,6
679,newborn_baby_coronavirus,6
747,postpones_primary_coronavirus_fear,6
614,isolated_member_coronavirus_case,6
603,impacting_industry_coronavirus_tech,6
1164,update_case_coronavirus_infection,6
193,confirms_case_coronavirus_chief,6
1168,updated_case_coronavirus_death,6
1019,suffer_blow_etfs_opportunity,6
55,attendees_coronavirus_conference,6
199,confirms_case_coronavirus_month,6
54,attended_seminar_coronavirus_doctor,6
1013,struggling_coronavirus_farmer,6
203,confirms_case_coronavirus_ph,6
205,confirms_case_coronavirus_report,6
208,confirms_case_president_coronavirus,6
1174,updates_infection_coronavirus_symptom,6
49,arrive_rotation_coronavirus_postpone,6
1006,stocks_breather_coronavirus_stock,6
998,start_smart_coronavirus_official,6
984,spread_administration_coronavirus_bill,6
237,coronavirus_capacity_case,6
238,coronavirus_capacity_testing,6
1127,ticks_coronavirus_clock_observation,6
972,snag_vaccine_coronavirus,6
970,slows_peak_coronavirus_expert,6
1181,urges_people_coronavirus_pm,6
967,skip_gym_coronavirus_pandemic,6
1192,waging_disinformation_coronavirus_distraction,6
1166,update_level_coronavirus_emergency,6
182,confirmed_case_coronavirus_virus,6
267,coronavirus_coronavirus_world_people,6
1040,suspend_flights_coronavirus_curb,6
99,canceled_coronavirus_festival,6
1131,timeline_sport_response,6
87,bungie_employees_home_coronavirus,6
82,brenda_coronavirus_need,6
1109,tests_positive_employee_coronavirus,6
75,block_bill_coronavirus_stimulus,6
1108,tests_positive_coronavirus_test,6
1103,tests_positive_coronavirus_marouane,6
1097,tests_positive_basketball_legend,6
1152,tumbles_coronavirus_impact,6
1079,tested_test_coronavirus_reporter,6
1076,tested_coronavirus_woman,6
1074,tested_coronavirus_student,6
1155,twists_death_coronavirus_case,6
140,casuals_hundred_coronavirus_isolation,6
151,check_hoax_coronavirus_fact,6
65,"bars_6,000_coronavirus_cruise",6
64,barb_aide_coronavirus_leader,6
1053,symptoms_symptom_difference_nausea,6
163,closes_casinos_coronavirus_spread,6
164,closes_factory_coronavirus_concern,6
414,curfews_curfew_summer_coronavirus,6
173,commits_500_coronavirus_arena,6
966,simplify_money_coronavirus_thing,6
241,coronavirus_case,6
961,shut_nightclubs_coronavirus_lockdown,6
892,says_case_coronavirus_doctor,6
912,says_offer_coronavirus_immigrant,6
1217,widening_poll_coronavirus_vaccine,6
332,coronavirus_million_case,6
341,coronavirus_pantry_food_meal,6
905,says_depression_coronavirus_economy,6
345,coronavirus_phone_time,6
350,coronavirus_positive_outbreak,6
12,advice_patient_self_coronavirus,6
11,advice_approach_coronavirus_health,6
353,coronavirus_proceeding_today,6
873,rises_9692_death_toll,6
322,coronavirus_lockdown_district,6
373,coronavirus_soup_cartoon,6
9,adopt_measure_coronavirus_end,6
1221,work_employee_coronavirus_week,6
382,coronavirus_swab_talk,6
1226,worry_coronavirus_baby_child,6
396,coronavirus_work_home_school,6
403,cracks_misinformation_coronavirus_app,6
404,crafting_wishlist_coronavirus_package,6
409,crosses_cases_coronavirus,6
412,cuomo_policy_coronavirus_nursing,6
913,says_pandemic_coronavirus_expert,6
342,coronavirus_parliament_business,6
289,coronavirus_engineer_police,6
1207,warns_money_coronavirus_expert,6
26,announces_billion_coronavirus_farmer,6
298,coronavirus_fight_drug,6
316,coronavirus_insurance_travel,6
951,sends_mourn_coronavirus_pandemic,6
17,allocates_yuan_coronavirus_combat,6
22,announce_coverage_coronavirus_insurer,6
278,coronavirus_decision_recruitment,6
926,says_vatican_coronavirus_case,6
953,serving_doorway_coronavirus_risk,6
308,coronavirus_health,6
29,announces_death_coronavirus_patient,6
922,says_testing_coronavirus_doctor,6
314,coronavirus_hotline_development,6
956,shift_struggle_coronavirus_father,6
299,coronavirus_foreigner_hotel,6
1153,turbografx_production_coronavirus_mini,5
675,nears_death_state_coronavirus,5
1208,warns_recession_coronavirus,5
1216,whydoweneedaking_online_coronavirus_healthtech,5
1223,working_capacity_coronavirus_testing,5
1224,working_dose_coronavirus_vaccine,5
677,needed_support_coronavirus_caution,5
685,nominated_player_coronavirus_issue,5
1177,updates_update_world,5
1157,undergo_testing_coronavirus_player,5
1154,turns_coronavirus_case,5
1219,wishes_recovery_coronavirus_spokesman,5
647,light_darkness_coronavirus_battle,5
653,loan_space_coronavirus_test,5
1163,unveils_package_coronavirus_death,5
1161,universities_situation_coronavirus_concern,5
1205,warns_impact_economy_trump,5
1158,underlines_need_effort_govt,5
1169,"updates_1,223_death_toll",5
1218,win_coronavirus_state,5
661,makes_speech_coronavirus_address,5
662,man_coronavirus,5
619,journalism_coverage_coronavirus_time,5
1215,wearing_mask_people_head,5
668,merkel_merkel_quarantine_coronavirus,5
670,midfielder_positive_coronavirus_test,5
1175,updates_lockdown_case,5
1128,tightens_case_tourist_emergency,5
834,reports_case_coronavirus_wall,5
692,opened_floodgate_package_coronavirus,5
931,screened_abayomi_coronavirus_passenger,5
1010,stories_talk_coronavirus_death,5
1009,stopped_nat'l_coronavirus_case,5
757,production_iphone_coronavirus,5
973,sneaks_sense_smell_coronavirus,5
969,slow_spread_coronavirus_testing,5
781,reach_peak_coronavirus_infection,5
958,shortened_state_coronavirus_home,5
954,sets_record_coronavirus_case,5
783,reaches_17_coronavirus_toll,5
947,sending_ventilator_coronavirus_spot,5
939,sees_case_coronavirus,5
933,search_outbreak_storm_coronavirus,5
928,scare_fear_coronavirus_anganwadi,5
1118,tests_vaccine_coronavirus_president,5
918,says_restriction_coronavirus_travel,5
797,recovered_coronavirus_hospitalisation,5
813,remove_theory_coronavirus_conspiracy,5
815,reopen_australia_gym_crowd,5
898,says_coronavirus_employee_report,5
819,report_mask_coronavirus,5
877,rises_death_coronavirus,5
822,report_symptom_coronavirus_student,5
868,rise_uk_case_coronavirus,5
865,rise_lockdown_coronavirus_death,5
864,rise_infection_coronavirus_update,5
853,restrictions_test_coronavirus_travel,5
1012,stranded_kit_coronavirus_cruise,5
741,postponed_fear_coronavirus_date,5
1016,study_entry_coronavirus_country,5
1017,stumble_case_coronavirus_health,5
1113,tests_positive_tiger_coronavirus,5
696,outbreak_canadians_coronavirus,5
697,outbreak_coronavirus_infection,5
699,outlook_state_coronavirus_reopening,5
1110,tests_positive_host_coronavirus,5
702,pandemic_challenge_coronavirus_opportunity,5
1093,tests_dw_coronavirus_pm,5
1086,tests_coronavirus_inmate,5
1084,tests_coronavirus,5
1073,tested_coronavirus_person,5
1071,test_player_coronavirus,5
718,performance_music_coronavirus_shutdown,5
1065,tells_coronavirus_president,5
720,person_case_resident,5
1058,takes_test_coronavirus,5
1056,tackle_ps46_coronavirus_research,5
1052,symptoms_symptom_coronavirus_virus,5
724,plans_esport_coronavirus_sporting,5
1047,suspends_flight_coronavirus_outbreak,5
1036,surpasses_case_coronavirus_day,5
732,pm_pakistanis_coronavirus_today,5
1033,"surpass_100,000_coronavirus_case",5
1032,surging_record_coronavirus_hospitalization,5
735,positive_coronavirus_health,5
736,positive_coronavirus_patient,5
1049,symptoms_coronavirus_detail,5
1228,yell_teen_coronavirus_panic,5
449,developments_dw_coronavirus_spread,5
481,disconnections_cap_coronavirus_carrier,5
143,caves_seating_coronavirus_travel,5
400,coronavirus_wuhan_returnee,5
402,covid_notification_commentator_life,5
137,cases_victim_coronavirus_death,5
410,crucial_coronavirus_government,5
442,depends_regions_today_coronavirus,5
443,desantis_millions_case_state,5
444,described_church_coronavirus_self,5
121,case_coronavirus,5
112,cancels_race_coronavirus_outbreak,5
105,cancellations_coronavirus_fan,5
104,canceled_open_surfing_pandemic,5
102,canceled_crisis_coronavirus_auto,5
98,canada_coronavirus_health,5
90,buy_pharmaceuticals_stock_coronavirus,5
144,cdc_coronavirus_surface,5
491,ease_restriction_coronavirus_recession,5
492,eases_lockdown_coronavirus_confusion,5
79,break_advice_coronavirus_lockdown,5
78,brace_service_coronavirus_company,5
77,boy_coronavirus_victim,5
500,escalate_pandemic_coronavirus_tension,5
76,blocks_icke_coronavirus_video,5
506,"exceeds_30,000_coronavirus_death",5
72,birx_fear_coronavirus_case,5
69,begs_congress_coronavirus_crisis,5
517,extends_curfew_coronavirus_case,5
523,facebook_post_cure_coronavirus,5
68,begins_hundred_vaccine_coronavirus,5
67,begins_hope_coronavirus_vaccine,5
392,coronavirus_vaccine_researcher,5
390,coronavirus_update_cruise,5
545,force_trump_coronavirus_task,5
311,coronavirus_holiday_update_briefing,5
243,coronavirus_case_hospital,5
248,coronavirus_case_testing,5
249,coronavirus_centre_lawmaker,5
254,coronavirus_consequence_outbreak,5
259,coronavirus_coronavirus_intern_youngster,5
270,coronavirus_cut_player,5
275,coronavirus_death_aid,5
276,coronavirus_death_toll,5
214,continue_advantage_coronavirus_fear,5
198,confirms_case_coronavirus_minister,5
301,coronavirus_germans_handling,5
195,confirms_case_coronavirus_evacuee,5
305,coronavirus_guard_prison_riot,5
307,coronavirus_head_hospital,5
315,coronavirus_indians_plane_today,5
145,cdc_screening_coronavirus_quarantine,5
323,coronavirus_lockdown_govt_province,5
600,identified_state_case_coronavirus,5
324,coronavirus_maharashtra_team_watch,5
189,confirmed_infection_coronavirus_case,5
187,confirmed_emergency_coronavirus_case,5
186,confirmed_coronavirus_woman,5
354,coronavirus_quarantine,5
169,closes_store_coronavirus_week,5
364,coronavirus_rule_lockdown_cyclist,5
370,coronavirus_service_lockdown_dentist,5
371,coronavirus_shop_takeaway,5
378,coronavirus_study_woman,5
379,coronavirus_suicide_man_floor,5
380,coronavirus_supermarket_worker,5
56,australia_potential_coronavirus_cusp,5
235,coronavirus_building_employee,5
24,"announced_2,122_coronavirus_death",5
558,greet_briefing_coronavirus_response,5
43,approves_declaration_disaster_coronavirus,5
44,approves_patient_coronavirus_emergency,5
46,arrest_police_coronavirus_lockdown,5
595,hospitalized_symptom_condition,5
584,holds_briefing_press_task,5
586,holds_parade_coronavirus_spread,5
34,announces_recovery_patient_death,5
6,admitted_coronavirus_observation,5
284,coronavirus_eid_home,4
1078,tested_test_coronavirus_antibody,4
824,reported_coronavirus_case,4
130,cases_coronavirus_case,4
826,reports_arrests_coronavirus_case,4
948,sends_aid_coronavirus_fight,4
1083,tests_baby_coronavirus,4
47,arrests_news_coronavirus_post,4
423,deaths_ordeal_nurse_coronavirus,4
949,sends_coronavirus_govt_delay,4
131,cases_coronavirus_infection,4
133,cases_coronavirus_patient,4
1077,tested_patient_coronavirus,4
1085,tests_coronavirus_case,4
935,seeks_donation_coronavirus_brief,4
411,crushes_sale_coronavirus_earning,4
295,coronavirus_exposure,4
408,crisis_economy_coronavirus_lockdown,4
455,died_rate_coronavirus_nursing,4
839,reports_death_coronavirus_life,4
1199,warned_fauci_coronavirus,4
297,coronavirus_fear_blue_art,4
842,reports_high_coronavirus_death,4
932,screened_kaadha_people_coronavirus,4
427,declares_coronavirus_treatment,4
593,hospitalized_coronavirus_trouble,4
946,senator_test_coronavirus,4
820,report_positive_coronavirus_detail,4
575,helping_ai_coronavirus_scientist,4
945,sees_world_coronavirus_pandemic,4
944,sees_lockdown_coronavirus_surge,4
1011,strained_outbreak_coronavirus_breaking,4
202,confirms_case_coronavirus_person,4
941,sees_death_coronavirus_church,4
796,recover_patient_%,4
1196,want_exposure_coronavirus_fault,4
123,case_service_coronavirus_hospital,4
440,demands_response_coronavirus,4
116,care_medium_news_cycle,4
124,"cases_10,000_coronavirus_case",4
809,released_rest_concern_home,4
234,coronavirus_briton,4
940,sees_case_coronavirus_restriction,4
811,remain_coronavirus_outbreak,4
1091,tests_diagnosis_coronavirus_member,4
439,delays_mosque_night_coronavirus,4
1090,tests_coronavirus_zoo,4
437,delayed_wrench_coronavirus_production,4
7,admitted_inquiry_coronavirus_hospital,4
1089,tests_coronavirus_wife,4
818,report_briefings_coronavirus_press,4
424,debunked_number_coronavirus_testimony,4
1202,warns_coronavirus_drug,4
141,catch_coronavirus_package_home,4
16,alleged_riot_prison_rumor,4
165,closes_office_gap_coronavirus,4
880,rises_number_case,4
881,rises_upsurge_coronavirus_case,4
13,advises_fan_coronavirus,4
884,robots_doctor_coronavirus_debut,4
309,coronavirus_help_hundred,4
618,joins_indians_coronavirus_fight,4
1045,suspends_flight_coronavirus,4
890,says_appetite_consumerist_design,4
355,coronavirus_question_kid,4
319,coronavirus_list_virus_bacteria,4
896,says_coronavirus_championship,4
924,says_uk_coronavirus_generation,4
1038,suspected_ministry_coronavirus_citizen,4
1214,ways_security_impact,4
1026,surge_jump_case_coronavirus,4
901,says_coronavirus_outbreak,4
625,know_coronavirus_question,4
1211,watch_update_coronavirus_governor,4
188,confirmed_fine_case_coronavirus,4
343,coronavirus_party_quarantine,4
907,says_indians_coronavirus_outbreak,4
1029,surgeries_appointment_coronavirus_phone,4
909,says_matter_coronavirus_climate,4
1051,symptoms_sign_coronavirus_warning,4
875,rises_case_number,4
930,screen_question_coronavirus,4
381,coronavirus_suspension_indigo_flight,4
848,reports_spike_view_industry,4
459,dies_coronavirus_candidate,4
398,coronavirus_wrinkle_wedding_industry,4
581,hits_snag_coronavirus_test,4
1204,warns_coronavirus_people_mutation,4
635,launches_coronavirus_secretary_government,4
582,hold_fan_coronavirus_commissioner,4
146,celebrate_recovery_coronavirus_hospital,4
149,charged_president_coronavirus_blogger,4
1063,tells_administration_pilot_coronavirus,4
1020,suffers_loss_coronavirus_poultry,4
633,latest_research_coronavirus,4
159,close_hall_coronavirus_cinema,4
862,rise_coronavirus_weather,4
1061,team_attack_coronavirus_county,4
31,announces_funding_coronavirus_fund,4
866,rise_ministry_coronavirus_case,4
1059,takes_toll_home,4
376,coronavirus_state_emergency,4
1021,suggests_ability_coronavirus_mutation,4
1057,taken_coronavirus_hospital_test,4
154,classes_class_coronavirus_university,4
374,coronavirus_spain_football_team,4
1022,suggests_coronavirus_child,4
333,coronavirus_minority,4
571,help_game_developer,4
211,confirms_death_coronavirus_official,4
521,face_restriction_coronavirus_region,4
703,pandemic_ps100bn_coronavirus_pension,4
244,coronavirus_case_hour,4
227,coronavirus_apartment_hotel,4
706,"pass_100,000_coronavirus_infection",4
62,bans_gathering_coronavirus_week,4
66,beats_coronavirus_veteran_honour,4
529,fall_price_oil,4
526,factbox_state_coronavirus_emergency,4
667,meets_force_task_coronavirus,4
524,faces_crisis_coronavirus_presidency,4
716,pence_test_coronavirus_capacity,4
520,extends_lockdown_coronavirus_outbreak,4
501,estimates_death_fauci_coronavirus,4
719,person_case,4
663,man_human_coronavirus_travel,4
974,soup_strain_bat_coronavirus,4
71,bethlehem_mall_coronavirus_restaurant,4
512,exploited_malware_coronavirus,4
1227,writes_letter_coronavirus_household,4
727,pledges_ps46_coronavirus_vaccine,4
1222,workers_coronavirus_plant,4
562,grows_lakh_case_coronavirus,4
74,blasts_govt_step_coronavirus,4
660,makes_direct_coronavirus_test,4
61,bans_coronavirus_pandemic,4
535,feel_dad_coronavirus_jazz,4
599,identified_people_coronavirus_contact,4
698,outlook_329_coronavirus_case,4
672,monuments_sanitiser_coronavirus_threat,4
48,arrive_coronavirus_monk,4
50,arrived_cases_coronavirus_carrier,4
553,gets_pop_coronavirus_shop,4
676,need_coronavirus_today,4
1173,updates_immunity_recovery_coronavirus,4
51,arsenal_rule_coronavirus_lockdown,4
547,found_sample_person,4
682,news_coronavirus_world,4
53,assures_public_coronavirus_donation,4
546,forces_beach_weekend_coronavirus,4
230,coronavirus_ban_travel_outbreak,4
543,fits_contour_crisis_world,4
688,offer_test_coronavirus_immunity,4
981,spike_response_coronavirus_case,4
690,offers_reward_coronavirus_antidote,4
58,backs_drug_coronavirus_battle,4
542,firms_coronavirus_pharma,4
1165,update_dw_birthday,4
539,find_coronavirus_uv_light,4
695,originate_coronavirus_expert,4
538,find_coronavirus_dexamethasone,4
537,filming_change_coronavirus_concern,4
1144,trial_vaccine_month,4
2,_coronavirus_symptom,4
659,maharashtra_test_coronavirus,4
96,calls_update_coronavirus_situation,4
219,coronavirus_19_issue,4
567,handled_coronavirus_government,4
1000,starts_construction_coronavirus_hospital,4
3,accelerated_sparkle_warning_cava,4
93,calls_inslee_coronavirus_snake,4
476,dies_official_adviser,4
959,shows_gateway_datum_coronavirus,4
768,providing_disinfectant_coronavirus,4
769,puts_ingenuity_coronavirus_test,4
1121,themed_dance_coronavirus_bar,4
1004,steals_dozen_coronavirus_man,4
774,questions_question_coronavirus_expert,4
484,disinformation_coronavirus_opinion_majority,4
216,continued_patient_doctor_coronavirus,4
955,share_contact_coronavirus,4
1114,tests_son_coronavirus,4
778,raise_euro_coronavirus_research,4
779,ramps_production_mask_coronavirus,4
101,canceled_coronavirus_update,4
650,lists_measure_coronavirus_tip,4
4,acosta_gravity_coronavirus_handshake,4
465,dies_coronavirus_president,4
648,limited_plant_coronavirus_workplace,4
215,continue_worker_coronavirus_outbreak,4
88,buried_victim_coronavirus,4
1028,surge_virus_beer,4
486,doctor_life_die_coronavirus,4
83,bring_reprieve_coronavirus_weather,4
968,skips_question_briefing_coronavirus,4
489,drive_testing_coronavirus_test,4
596,hospitals_patient_coronavirus_case,4
1139,tracking_tourist_coronavirus_travel,4
748,poverty_despair_coronavirus_pandemic,4
1135,toll_coronavirus,4
750,prays_coronavirus_trump,4
654,look_coronavirus_lifetime,4
1137,tourists_coronavirus_test,4
740,postponed_election_coronavirus_concern,4
563,guide_sex_coronavirus_outbreak,4
753,prepares_app_coronavirus_self,4
1141,transmit_coronavirus_woman,4
487,doh_transmission_coronavirus_test,4
1187,vietnam_monopoly_coronavirus_diplomacy,4
260,coronavirus_coronavirus_myth,4
21,angers_china_cartoon_coronavirus,3
994,stadiums_coronavirus_music_festival,3
20,americans_land_coronavirus_city,3
233,coronavirus_briefings_city_traffic,3
988,spread_coronavirus_country,3
1220,withdraws_forecast_coronavirus_outbreak,3
15,airlines_flight_coronavirus,3
190,confirmed_times_people_coronavirus,3
197,confirms_case_coronavirus_govt,3
1015,student_attendee_coronavirus,3
996,stalls_hundred_coronavirus_dispute,3
1024,suggests_urine_cow_yagna,3
217,contradicts_news_coronavirus_semis,3
226,coronavirus_antibody_sailor,3
1001,states_coronavirus_outbreak,3
10,adopts_measure_coronavirus_outbreak,3
992,spreading_disinformation_scammer_million,3
990,spread_coronavirus_people,3
224,coronavirus_administrator_demand,3
201,confirms_case_coronavirus_paper,3
999,started_immunity_coronavirus_drug,3
1178,updates_ventilator_patient_isolation,3
1030,surges_%_coronavirus,3
1136,toll_death_coronavirus,3
84,bring_total_coronavirus_case,3
89,buy_mask_face_coronavirus,3
91,buying_paper_toilet_mum,3
92,calls_competition_coronavirus_body,3
36,answered_coronavirus_hand_dryer,3
1125,things_restriction_coronavirus_address,3
1123,things_coronavirus_lockdown,3
1120,thanks_layoffs_college_deposit,3
1119,tests_wife_coronavirus,3
35,announces_relief_business_coronavirus,3
1115,tests_symptom_woman_coronavirus,3
1193,waives_fee_coronavirus_consumer,3
108,cancels_flight_coronavirus_airline,3
109,cancels_flight_coronavirus_bild,3
1106,tests_positive_coronavirus_prison,3
80,breakout_positive_coronavirus_test,3
1188,vote_coronavirus_patient,3
179,confirm_death_coronavirus_health,3
1138,tracker_coronavirus_athlete,3
52,asks_expert_science_solidarity,3
1170,"updates_335,000_coronavirus_case",3
1179,updates_wfh_coronavirus_place,3
1167,update_ship_coronavirus_thousand,3
60,bans_ads_mask_coronavirus,3
1162,unveils_campaign_coronavirus_drowning,3
1160,uniting_misinformation_giant_company,3
1159,understate_toll_count_estimate,3
1156,un_fund_coronavirus_ministry,3
1180,urges_caution_president_coronavirus,3
70,bet_opinion_cure,3
73,blamed_hearings_trial_delay,3
1148,trolled_mask_coronavirus_hen,3
1147,tries_coronavirus_trump_health,3
1186,ventilators_ventilator_pandemic_aid,3
111,cancels_licence_coronavirus_tv,3
113,cancels_season_league_soccer,3
1102,tests_positive_coronavirus_governor,3
1194,waives_fee_coronavirus_indigo,3
1062,tell_difference_coronavirus_hay,3
27,announces_case_coronavirus_day,3
153,clashes_pr*k_coronavirus_war,3
157,"climb_10,000_death_coronavirus",3
1209,warrant_mongering_coronavirus_pandemic,3
168,closes_store_coronavirus_outbreak,3
1048,suspends_production_wrestler_coronavirus,3
170,closure_plan_coronavirus_resident,3
171,colleges_update_official_action,3
1043,suspended_selfie_coronavirus,3
23,announce_lifting_coronavirus_lockdown,3
176,compromises_campaign_coronavirus_drilon,3
177,concerned_rumour_official_coronavirus,3
1037,surpasses_outbreak_coronavirus_case,3
178,conducted_job_interview,3
1068,test_coronavirus_employee,3
33,announces_package_coronavirus_case,3
139,cash_billion_contestant_coronavirus,3
1092,tests_dpo_direct_coronavirus,3
1099,tests_positive_coronavirus,3
1098,tests_positive_captain_coronavirus,3
1195,want_epidemic_ihc_step,3
122,case_coronavirus_airport,3
1096,tests_plan_coronavirus_telework,3
1095,tests_owner_coronavirus,3
1088,tests_coronavirus_tiger,3
1072,tested_coronavirus_antibody_testing,3
128,cases_case_coronavirus_province,3
129,cases_coronavirus,3
132,cases_coronavirus_investigation,3
1075,tested_coronavirus_testing,3
1197,warn_coronavirus_sleeper_risk,3
138,cases_weekend_coronavirus,3
915,says_production_coronavirus,3
0,20,3
463,dies_coronavirus_people,3
652,live_event_ea_esport,3
788,reaches_people_coronavirus_toll,3
460,dies_coronavirus_inmate,3
462,dies_coronavirus_patient,3
570,help_coronavirus_household,3
471,dies_die_coronavirus,3
473,dies_father_coronavirus,3
780,"reach_200,000_coronavirus_death",3
777,races_surge_case_coronavirus,3
474,dies_life_woman_coronavirus,3
564,halted_medium_coronavirus_shipment,3
418,death_death_coronavirus,3
475,dies_officer_hundred,3
772,queensland_concern_coronavirus_hotel,3
771,quarantine_sailor_coronavirus_navy,3
770,quarantine_battle_coronavirus_couple,3
657,lose_life_hospital_coronavirus,3
767,provide_update_health_official,3
658,lottery_coronavirus_outbreak,3
765,protests_beach_coronavirus_crisis,3
480,discharged_coronavirus_patient,3
649,linked_coronavirus_finance,3
451,diagnosed_contact_coronavirus,3
574,help_victim_pandemic,3
448,developments_coronavirus_fg,3
554,gives_coronavirus_outbreak,3
425,declared_emergency_health_death,3
426,declared_virus_patient_coronavirus,3
429,declares_day_prayer_follower,3
577,helps_coronavirus_medic,3
435,declares_relaxation_payment_premium,3
817,report_autograph_coronavirus_hall,3
436,declares_state_coronavirus_emergency,3
438,delaying_completion_coronavirus_rail,3
812,remembers_victim_coronavirus_service,3
810,releases_mask_coronavirus_face,3
808,released_coronavirus_prison,3
806,refusing_cup_coronavirus,3
804,refuses_ban_coronavirus_expert,3
803,refused_test_coronavirus_kid,3
802,refund_coronavirus_holiday,3
800,recovered_wife_coronavirus,3
798,recovered_lady_coronavirus,3
445,details_battle_toll_coronavirus,3
762,proposes_fund_chieftain_government,3
761,prompt_showdown_coronavirus_law,3
760,projects_number_coronavirus_model,3
713,patient_coronavirus_infection,3
528,fall_action_coronavirus_stock,3
708,"passes_800,000_coronavirus_case",3
530,fasting_time_coronavirus,3
665,measures_measure_coronavirus_tollway,3
532,feared_hotspot_coronavirus_luxury,3
533,fears_poll_coronavirus,3
700,owner_stores_coronavirus,3
536,felt_coronavirus_pandemic,3
666,measures_vulnerable_coronavirus_bank,3
541,finds_area_impact,3
691,officials_case_coronavirus_health,3
689,offers_caution_coronavirus_psychologist,3
687,number_coronavirus_patient,3
683,news_ship_cruise,3
681,news_coronavirus_discrepancy,3
680,news_case_official,3
548,freed_coronavirus_offender,3
549,gates_warrior_billionaire_fight,3
673,musician_coronavirus_patient,3
712,passing_law_government_coronavirus,3
516,extended_support_site_reversal,3
482,discriminate_coronavirus_supremacist,3
514,exposes_weakness_coronavirus_record,3
483,discusses_coronavirus_counterpart,3
755,presumed_coronavirus_man_health,3
752,predicts_week_coronavirus,3
751,predicts_thousand_hundred_death,3
749,praised_quarantine_fan_coronavirus,3
561,grows_case_cruise_ship,3
742,postponed_fear_coronavirus_football,3
493,eases_measure_coronavirus_weekend,3
739,postponed_coronavirus_console,3
497,encouraging_student_coronavirus_field,3
498,enforce_crackdown_coronavirus_police,3
733,pm_video,3
503,evacuate_coronavirus_case,3
731,pm_lockdown_extension_coronavirus,3
730,plunges_%_oil,3
507,exempts_attendance_coronavirus_govt,3
559,grow_case_death,3
510,explained_payment_coronavirus_cash,3
723,planning_grade_coronavirus_measure,3
831,reports_case_coronavirus_infection,3
420,deaths_coronavirus_home,3
417,dealing_normal_coronavirus_home,3
320,coronavirus_loan_emergency,3
937,seeks_report_coronavirus_threat,3
936,seeks_forgiveness_coronavirus_lockdown,3
929,scenes_fauci_hearing_coronavirus,3
588,hospitalised_coronavirus_hero,3
306,coronavirus_hand_impact_developer,3
925,says_upset_coronavirus,3
624,know_coronavirus_%,3
313,coronavirus_hotel_tourist,3
914,says_positive_coronavirus_entourage,3
590,hospitalizations_record_coronavirus_month,3
330,coronavirus_message_vaccine,3
910,says_myth_evidence_coronavirus,3
626,know_mask_coronavirus_doctor,3
906,says_impact_ass_review,3
904,says_deal_subsidiary_coronavirus,3
347,coronavirus_plan_country_week,3
629,latest_coronavirus_outbreak,3
900,says_coronavirus_nail_way,3
589,hospitalised_coronavirus_hospital,3
287,coronavirus_employee_test,3
352,coronavirus_potential_case_economy,3
611,infects_thousand_coronavirus_malware,3
605,increase_coronavirus_death,3
239,coronavirus_care_activity,3
609,infected_racism_coronavirus_opinion,3
975,spaces_impact_coronavirus_size,3
971,smell_sense_coronavirus,3
252,coronavirus_climate,3
255,coronavirus_construction_hospital_satellite,3
265,coronavirus_coronavirus_transport_minister,3
962,shuts_school_outbreak,3
942,sees_drop_death_month,3
612,influencing_dream_coronavirus_pandemic,3
615,issue_police_coronavirus,3
957,shifted_patient_college,3
277,coronavirus_death_week,3
591,hospitalized_composer_coronavirus,3
620,jump_ph_coronavirus,3
282,coronavirus_disinfectant_science,3
943,sees_future_coronavirus_home,3
899,says_coronavirus_epicenter,3
348,coronavirus_platform_patient,3
897,says_coronavirus_coach,3
638,launches_tests_coronavirus_testing,3
870,"rises_12,000_coronavirus_case",3
375,coronavirus_sport,3
583,hold_key_alpaca_news,3
639,lawmaker_coronavirus_economy_factor,3
863,rise_illness_coronavirus_case,3
859,"rise_1,218_case_coronavirus",3
858,review_investment_coronavirus_case,3
640,leader_coronavirus_week,3
383,coronavirus_system_lockdown,3
855,return_case_coronavirus_patient,3
391,coronavirus_use_cup,3
851,reshaping_education_pandemic_coronavirus,3
849,require_test_quarantine_physician,3
401,count_coronavirus_death,3
580,hits_roadblock_coronavirus_bill,3
841,reports_fatality_coronavirus_toll,3
406,created_website_year_student,3
413,cure_bleach_follower_er,3
415,daughter_inmate_coronavirus,3
871,rises_200,3
377,coronavirus_student,3
636,launches_information_health_organization,3
366,coronavirus_sale_yard,3
361,coronavirus_restriction_cotton_travel,3
632,latest_organizer_protester_business,3
372,coronavirus_similarity_pandemic_disaster,3
885,role_intercity_bus,3
891,says_attendee_coronavirus,3
358,coronavirus_report,3
367,coronavirus_school_health_agency,3
894,says_coronavirus,3
878,rises_employee_coronavirus_number,3
874,rises_authority_toll,3
579,hits_home_pool_coronavirus,2
631,latest_dozen_coronavirus_update,2
643,learned_coronavirus_fight,2
30,announces_death_coronavirus_total,2
669,met_coronavirus_cruise_passenger,2
1198,warn_skin_rash,2
598,hundreds_repatriation_coronavirus_foreigner,2
1203,warns_coronavirus_map,2
610,infections_million_coronavirus_case,2
1,_coronavirus_human,2
1190,vows_coronavirus,2
616,join_rival_coronavirus_combat,2
1184,use_coronavirus_racism_excuse,2
592,hospitalized_coronavirus_minister,2
1191,vows_virus_coronavirus_demon,2
1183,urges_trump_border,2
19,americans_coronavirus_control,2
556,going_prediction_doctor_coronavirus,2
236,coronavirus_business_group_waikato,2
1176,updates_number_case,2
212,confirms_death_coronavirus_patient,2
1042,suspended_outbreak,2
1041,suspended_coronavirus_football,2
895,says_coronavirus_campaign,2
1034,surpass_total_coronavirus_case,2
334,coronavirus_moment,2
191,confirms_case,2
302,coronavirus_glass_queue_drinker,2
200,confirms_case_coronavirus_news,2
292,coronavirus_evacuees_flight,2
207,confirms_case_coronavirus_state,2
1008,stop_spread_racism_coronavirus,2
886,rolls_effort_coronavirus_package,2
280,coronavirus_diabetes_infection,2
273,coronavirus_deadline_season,2
1003,stays_case_number,2
272,coronavirus_day_city,2
960,shut_ending_trump_vow,2
963,significant_spread_coronavirus,2
997,start_education_coronavirus_briefing,2
245,coronavirus_case_manitoba,2
977,speak_passenger_cruise_couple,2
982,spitting_coronavirus_patient,2
887,running_coronavirus_supply,2
155,cleared_coronavirus_bowler,2
674,mystery_coronavirus_classroom_thousand,2
1112,tests_positive_test_coronavirus,2
59,banned_coronavirus_lockdown,2
705,"pass_1,000_coronavirus_death",2
726,player_coronavirus_footballer,2
495,eating_infection_coronavirus_scientist,2
490,drives_spending_government_level,2
488,double_total_coronavirus_death,2
1124,things_coronavirus_today,2
1122,theorizes_case_coronavirus,2
1117,tests_tiger_coronavirus,2
775,questions_response_government_coronavirus,2
784,reaches_3100_coronavirus_tally,2
1055,tackle_outbreak_coronavirus_week,2
983,spotted_lockdown_area,2
456,died_victim_coronavirus_patient,2
450,develops_device_coronavirus_testing,2
433,declares_emergency_coronavirus_response,2
1081,testing_16_coronavirus,2
135,cases_coronavirus_prison,2
843,reports_intelligence,2
845,reports_passenger,2
857,reveals_quick_reason_coronavirus,2
150,charts_coronavirus,2
602,immunity,2
